{
    "avg_prec": 0.0645876462728861,
    "roc_auc": 0.5306169437715972
}