{
    "avg_prec": 0.5238509221058536,
    "roc_auc": 0.9573204745663724
}